[{"id":"1203e4bf-5f41-4505-a94d-f018c30fcf18","authEventId":"9b64698a-bdd7-4ebc-a34d-ce3e1e12b084","tenantId":"318c5a1a-1c99-4d99-97a1-8fac183d2d4d","tenantType":"ORGANISATION","tenantName":"Demo Company (AU)","createdDateUtc":"2025-03-16T05:12:48.4330030","updatedDateUtc":"2025-03-16T08:05:28.6909630"},{"id":"4f90d198-e1d6-49eb-a34b-3cce38632860","authEventId":"75e7cb4b-01d7-488b-af3f-96308ce8ccef","tenantId":"dcdb0bc4-0465-4cc0-9224-5da45243b897","tenantType":"ORGANISATION","tenantName":"The Nexis 365","createdDateUtc":"2025-03-16T07:02:57.5599900","updatedDateUtc":"2025-03-16T07:35:59.2185040"}]